Name,URL,Country,Region_Focus,Bias_Perspective,Subject_Matter_Expertise,Topics_URL,Latest_Analysis_URL,Experts_URL
Center for Strategic and International Studies (CSIS),https://www.csis.org,United States,Global / Indo-Pacific / Middle East,Bipartisan; U.S. national-security establishment; defense-forward,Defense; China; Indo-Pacific; Middle East; cyber; AI; energy security; geoeconomics,https://www.csis.org/topics,https://www.csis.org/analysis,https://www.csis.org/about/people/experts
Brookings Institution,https://www.brookings.edu,United States,Global,Center to Center-Left; nonpartisan technocratic; liberal-internationalist,Foreign policy; governance; global economy; Asia; Europe; Middle East; defense; democracy,https://www.brookings.edu/programs/foreign-policy/,https://www.brookings.edu/research/,https://www.brookings.edu/experts/
Carnegie Endowment for International Peace,https://carnegieendowment.org,United States,Global (centers in DC/Beirut/Berlin/Brussels/New Delhi),Nonpartisan; internationalist; diplomacy-oriented,Russia; China; Middle East; South Asia; democracy; technology; nuclear policy; Europe,https://carnegieendowment.org/research,https://carnegieendowment.org/publications,https://carnegieendowment.org/experts
Council on Foreign Relations (CFR),https://www.cfr.org,United States,Global,Nonpartisan; foreign-policy establishment; internationalist-realist mix,U.S. foreign policy; global conflicts; China; Russia; trade; climate; international institutions,https://www.cfr.org/topics,https://www.cfr.org/latest,https://www.cfr.org/experts
RAND Corporation,https://www.rand.org,United States,Global,Nonpartisan; data-driven; defense and government research contractor,Defense; wargaming; force posture; nuclear policy; cyber; China; Russia; infrastructure,https://www.rand.org/topics.html,https://www.rand.org/pubs.html,https://www.rand.org/about/people.html
Atlantic Council,https://www.atlanticcouncil.org,United States,Transatlantic / Global,Atlanticist; pro-NATO; often hawkish on Russia and Iran; foreign-government and corporate funding,NATO; Europe; Russia; Ukraine; energy; cyber; Middle East; sanctions; geoeconomics,https://www.atlanticcouncil.org/programs/,https://www.atlanticcouncil.org/blogs/new-atlanticist/,https://www.atlanticcouncil.org/expert/
Wilson Center,https://www.wilsoncenter.org,United States,Global,Congressionally chartered; nonpartisan policy-scholar bridge,Russia (Kennan Institute); China (Kissinger Institute); Latin America; Middle East; environmental security,https://www.wilsoncenter.org/programs,https://www.wilsoncenter.org/publications,https://www.wilsoncenter.org/experts
Stimson Center,https://www.stimson.org,United States,Global,Nonpartisan; pragmatic security and arms-control orientation,Nuclear security; South Asia; East Asia; climate security; conflict prevention; peace operations,https://www.stimson.org/research/,https://www.stimson.org/analysis/,https://www.stimson.org/experts/
Center for a New American Security (CNAS),https://www.cnas.org,United States,Global / Indo-Pacific,Center-Left; U.S. national-security establishment; strong Pentagon ties,Defense strategy; Indo-Pacific; China; AI; cyber; military modernization; tech competition,https://www.cnas.org/research,https://www.cnas.org/publications,https://www.cnas.org/people
American Enterprise Institute (AEI),https://www.aei.org,United States,Global,Conservative; center-right; free-market and strong-defense orientation,Foreign policy; defense; China; Russia; Middle East; democracy; economics,https://www.aei.org/policy-areas/foreign-and-defense-policy/,https://www.aei.org/research-products/,https://www.aei.org/scholars/
Heritage Foundation,https://www.heritage.org,United States,Global,Right; conservative; advocacy-oriented; architect of Project 2025,Defense; China; homeland security; nuclear deterrence; energy; sovereignty; U.S. policy,https://www.heritage.org/defense,https://www.heritage.org/reports,https://www.heritage.org/staff
Cato Institute,https://www.cato.org,United States,Global,Libertarian; restraint-oriented; skeptical of interventionism,Foreign policy restraint; defense spending; trade; immigration; civil liberties,https://www.cato.org/policy-areas/foreign-policy,https://www.cato.org/policy-analysis,https://www.cato.org/people
Hudson Institute,https://www.hudson.org,United States,Global,Conservative; hawkish; U.S. power and technology-security focused,China; Taiwan; Iran; Russia; defense industrial base; cyber; space,https://www.hudson.org/policy-centers,https://www.hudson.org/research,https://www.hudson.org/experts
Foundation for Defense of Democracies (FDD),https://www.fdd.org,United States,Global / Middle East,Conservative; hawkish; hardline on Iran; sanctions and counterterrorism focused,Iran; Israel; terrorism finance; sanctions; cyber; China; Russia; illicit networks,https://www.fdd.org/issues/,https://www.fdd.org/analysis/,https://www.fdd.org/team/
Quincy Institute for Responsible Statecraft,https://quincyinst.org,United States,Global,Transpartisan; realist-restraint; anti-interventionist; Soros + Koch funded,Military restraint; diplomacy; Middle East; China policy; sanctions; defense spending; think-tank funding transparency,https://quincyinst.org/research/,https://quincyinst.org/research/,https://quincyinst.org/experts/
Foreign Policy Research Institute (FPRI),https://www.fpri.org,United States,Global,Center-right; realist and strategic-history oriented,Eurasia; Russia; China; Middle East; national security; military history,https://www.fpri.org/research/,https://www.fpri.org/articles/,https://www.fpri.org/contributors/
Institute for the Study of War (ISW),https://www.understandingwar.org,United States,Global / Conflict Zones,Defense-oriented; hawkish; operational OSINT and battlefield assessment focus,Russia-Ukraine war; Iran axis; Syria; China-Taiwan; campaign assessments; open-source intelligence,https://www.understandingwar.org/publications,https://www.understandingwar.org/publications,https://www.understandingwar.org/who-we-are
Center for Strategic and Budgetary Assessments (CSBA),https://csbaonline.org,United States,Global,Defense-planning; Pentagon-adjacent; force-design focused,Force structure; deterrence; long-range strike; naval strategy; China; defense budgets,https://csbaonline.org/research,https://csbaonline.org/research/publications,https://csbaonline.org/about/people
CNA,https://www.cna.org,United States,Global,Federally funded research; defense-analysis orientation,Navy; Marines; homeland security; wargaming; operations research; China; Russia,https://www.cna.org/research,https://www.cna.org/reports,https://www.cna.org/our-experts
Belfer Center for Science and International Affairs,https://www.belfercenter.org,United States,Global,Academic; centrist technocratic; Harvard Kennedy School affiliated,Nuclear policy; cyber; AI; China; Russia; climate; intelligence; diplomacy,https://www.belfercenter.org/topics,https://www.belfercenter.org/publications,https://www.belfercenter.org/experts
Hoover Institution,https://www.hoover.org,United States,Global,Conservative; classical liberal; Stanford affiliated,U.S. strategy; China; Russia; military history; economics; democracy; AI governance,https://www.hoover.org/topics,https://www.hoover.org/research,https://www.hoover.org/fellows
Jamestown Foundation,https://jamestown.org,United States,Eurasia / China / Terrorism,Center-right; hawkish on Russia and China; strong OSINT,Russia; China; Central Asia; Caucasus; terrorism; gray-zone operations,https://jamestown.org/programs/,https://jamestown.org/program/eurasia-daily-monitor/,https://jamestown.org/experts/
Center for the National Interest,https://cftni.org,United States,Global,Realist; conservative-leaning; restraint-aware,Great-power competition; U.S. strategy; Russia; China; Middle East,https://cftni.org/research/,https://nationalinterest.org/,https://cftni.org/experts/
American Foreign Policy Council,https://www.afpc.org,United States,Global,Conservative; hawkish; U.S. strategic-competition focused,Russia; China; Iran; missile defense; counterterrorism; U.S. foreign policy,https://www.afpc.org/programs,https://www.afpc.org/publications,https://www.afpc.org/experts
Center for American Progress (CAP),https://www.americanprogress.org,United States,Global,Progressive; center-left; Democratic policy ecosystem,Foreign policy; democracy; climate security; national security; human rights,https://www.americanprogress.org/topic/security/,https://www.americanprogress.org/article/,https://www.americanprogress.org/people/
Institute for Policy Studies,https://ips-dc.org,United States,Global,Progressive-left; anti-militarist; global justice oriented,Peace policy; inequality; militarism; climate justice; global economy,https://ips-dc.org/programs/,https://ips-dc.org/articles/,https://ips-dc.org/people/
German Marshall Fund of the United States (GMF),https://www.gmfus.org,United States / Europe,Transatlantic,Center; pro-transatlantic; pro-NATO; liberal-democratic,Transatlantic relations; democracy; technology; migration; Russia; disinformation; Indo-Pacific,https://www.gmfus.org/issues,https://www.gmfus.org/publications,https://www.gmfus.org/experts
Pew Research Center,https://www.pewresearch.org,United States,Global,Nonpartisan; data/polling only; does not take policy positions,Global attitudes; demographics; media and technology; religion; immigration; public opinion,https://www.pewresearch.org/topics/,https://www.pewresearch.org/publications/,https://www.pewresearch.org/experts/
Baker Institute for Public Policy,https://www.bakerinstitute.org,United States,Global,Nonpartisan; university-affiliated (Rice University); pragmatic,Energy; Middle East; China; Mexico; health; science and technology; public policy,https://www.bakerinstitute.org/research,https://www.bakerinstitute.org/research,https://www.bakerinstitute.org/experts
United States Institute of Peace (USIP),https://www.usip.org,United States,Global,U.S. congressionally funded; conflict-prevention and peacebuilding oriented,Conflict prevention; mediation; peacebuilding; fragile states; violent extremism,https://www.usip.org/programs,https://www.usip.org/publications,https://www.usip.org/people
Federation of American Scientists (FAS),https://fas.org,United States,Global,Science-based; transparency and risk-reduction oriented,Nuclear weapons; government secrecy; defense; emerging technology; biosecurity,https://fas.org/issues/,https://fas.org/publications/,https://fas.org/expert/
Arms Control Association,https://www.armscontrol.org,United States,Global,Arms-control advocacy; nonproliferation and risk-reduction oriented,Nuclear weapons; arms treaties; Iran; North Korea; missile defense; WMD,https://www.armscontrol.org/factsheets,https://www.armscontrol.org/news,https://www.armscontrol.org/about/staff
Nuclear Threat Initiative (NTI),https://www.nti.org,United States,Global,Nonpartisan; nuclear-risk and WMD-reduction focused,Nuclear security; biosecurity; radiological risk; arms control; WMD threat reduction,https://www.nti.org/analysis/,https://www.nti.org/analysis/,https://www.nti.org/about/people/
James Martin Center for Nonproliferation Studies (CNS),https://nonproliferation.org,United States,Global,Academic; nonproliferation specialist; Monterey affiliated,Nuclear weapons; chemical weapons; biological weapons; missiles; export controls,https://nonproliferation.org/category/analysis/,https://nonproliferation.org/category/analysis/,https://nonproliferation.org/experts/
Stratfor / RANE Worldview,https://worldview.stratfor.com,United States,Global,Private geopolitical-intelligence firm; realist forecasting orientation,Geopolitical forecasting; security risk; country risk; global trends,https://worldview.stratfor.com/regions,https://worldview.stratfor.com/,https://www.ranenetwork.com/experts
Geopolitical Futures,https://geopoliticalfutures.com,United States,Global,Private geopolitical forecasting; realist and geography-driven (George Friedman),Long-range geopolitical forecasting; great-power competition; regional risk,https://geopoliticalfutures.com/analysis/,https://geopoliticalfutures.com/analysis/,https://geopoliticalfutures.com/about/
Chatham House (Royal Institute of International Affairs),https://www.chathamhouse.org,United Kingdom,Global,Independent; UK establishment; liberal internationalist; one of the oldest think tanks,Global order; UK foreign policy; Russia; Europe; Middle East; climate; Africa; Asia-Pacific,https://www.chathamhouse.org/topics,https://www.chathamhouse.org/publications,https://www.chathamhouse.org/about-us/our-people
International Institute for Strategic Studies (IISS),https://www.iiss.org,United Kingdom,Global,Nonpartisan; defense and strategic-establishment; authoritative data-driven assessments,Military balance; Asia security; Middle East; nuclear; cyber; geopolitics; defense economics,https://www.iiss.org/research,https://www.iiss.org/online-analysis,https://www.iiss.org/people
Royal United Services Institute (RUSI),https://www.rusi.org,United Kingdom,Global,Pro-Western security establishment; world's oldest defence think tank (est. 1831),Russia-Ukraine war; land warfare; airpower; cyber; intelligence; terrorism; sanctions,https://www.rusi.org/explore-our-research,https://www.rusi.org/explore-our-research/publications/commentary,https://www.rusi.org/people
Centre for European Reform (CER),https://www.cer.eu,United Kingdom,Europe,Pro-European; liberal internationalist,EU politics; Brexit; European defense; trade; Russia; China; enlargement,https://www.cer.eu/research-topics,https://www.cer.eu/insights,https://www.cer.eu/experts
European Leadership Network (ELN),https://www.europeanleadershipnetwork.org,United Kingdom,Euro-Atlantic,Arms-control; risk-reduction network; Euro-Atlantic security focused,Nuclear risk; arms control; NATO-Russia; strategic stability; escalation management,https://www.europeanleadershipnetwork.org/publications/,https://www.europeanleadershipnetwork.org/commentary/,https://www.europeanleadershipnetwork.org/networks/
International Crisis Group (ICG),https://www.crisisgroup.org,Belgium / Global,Global / Conflict Zones,Nonprofit NGO; conflict-prevention; diplomacy-oriented; field-based analysts,Active conflicts; early warning; mediation; insurgency; coups; civil wars; CrisisWatch tracker,https://www.crisisgroup.org/regions,https://www.crisisgroup.org/latest-updates,https://www.crisisgroup.org/who-we-are/our-people
Stockholm International Peace Research Institute (SIPRI),https://www.sipri.org,Sweden,Global,Independent; peace-research; data-heavy; nonpartisan; gold standard for arms data,Arms transfers; military expenditure; nuclear weapons; arms control; peace operations,https://www.sipri.org/research,https://www.sipri.org/publications,https://www.sipri.org/media/issue_experts
European Council on Foreign Relations (ECFR),https://ecfr.eu,Pan-European,Europe / Global,Center-Left; pro-European integration; strategic-autonomy oriented,EU foreign policy; Russia; China; Middle East; defense; geoeconomics; migration,https://ecfr.eu/topics/,https://ecfr.eu/articles/,https://ecfr.eu/profile/
European Union Institute for Security Studies (EUISS),https://www.iss.europa.eu,European Union,Europe / Global,Official EU agency; pro-EU institutional perspective; not fully independent,EU foreign policy; security; defense; strategic foresight; cyber; AI; Indo-Pacific,https://www.iss.europa.eu/topics,https://www.iss.europa.eu/publications,https://www.iss.europa.eu/about-us
German Institute for International and Security Affairs (SWP),https://www.swp-berlin.org/en/,Germany,Europe / Global,Government-advisory but analytically independent; German and EU policy lens,German foreign policy; EU; Russia; Middle East; Africa; migration; global governance,https://www.swp-berlin.org/en/topics,https://www.swp-berlin.org/en/publications,https://www.swp-berlin.org/en/researchers
German Council on Foreign Relations (DGAP),https://dgap.org/en,Germany,Europe,German Atlanticist and European policy community; centrist establishment,German foreign policy; Europe; security and defense; technology; Russia; China,https://dgap.org/en/research,https://dgap.org/en/research/publications,https://dgap.org/en/experts
French Institute of International Relations (Ifri),https://www.ifri.org/en,France,Europe / Global,Independent; French foreign-policy establishment; strategic-autonomy aware,France; EU; Russia; Middle East; Africa; energy; security; space; Indo-Pacific,https://www.ifri.org/en/research-ifri,https://www.ifri.org/en/newsroom,https://www.ifri.org/en/list-experts
Bruegel,https://www.bruegel.org,Belgium,Europe,Technocratic; pro-EU economic-policy orientation,EU economy; sanctions; trade; energy; technology; China economy; industrial policy,https://www.bruegel.org/topics,https://www.bruegel.org/analysis,https://www.bruegel.org/people
Centre for European Policy Studies (CEPS),https://www.ceps.eu,Belgium,Europe,EU policy establishment; technocratic; pro-European integration,EU policy; enlargement; trade; energy; digital policy; migration; security; institutions,https://www.ceps.eu/research-areas/,https://www.ceps.eu/ceps-publications/,https://www.ceps.eu/ceps-staff/
Istituto Affari Internazionali (IAI),https://www.iai.it/en,Italy,Europe / Mediterranean,Independent; Italian-European internationalist; pro-EU and multilateral,Mediterranean; Italy foreign policy; EU; NATO; defense; energy; Middle East,https://www.iai.it/en/ricerche,https://www.iai.it/en/pubblicazioni,https://www.iai.it/en/persone
Clingendael Institute,https://www.clingendael.org,Netherlands,Europe / Global,Independent; Dutch and EU policy lens; pragmatic diplomatic orientation,EU; security; migration; energy; China; Russia; diplomacy; strategic foresight,https://www.clingendael.org/research,https://www.clingendael.org/publications,https://www.clingendael.org/experts
Danish Institute for International Studies (DIIS),https://www.diis.dk/en,Denmark,Global,Academic; Nordic; independent and evidence-driven,Arctic; security; migration; development; Africa; Middle East; global order,https://www.diis.dk/en/research,https://www.diis.dk/en/publications,https://www.diis.dk/en/experts
Polish Institute of International Affairs (PISM),https://www.pism.pl,Poland,Europe / Eastern Flank,Polish; NATO-forward; strong Russia threat-perception lens,Russia; Ukraine; NATO; EU; Central Europe; China; energy security,https://www.pism.pl/topics,https://www.pism.pl/publications,https://www.pism.pl/experts
Centre for Eastern Studies (OSW),https://www.osw.waw.pl/en,Poland,Eastern Europe / Eurasia,Polish state-funded analytical center; excellent on Russia and Ukraine,Russia; Ukraine; Belarus; Central Asia; Caucasus; energy; sanctions; internal politics,https://www.osw.waw.pl/en/region,https://www.osw.waw.pl/en/publikacje/analyses,https://www.osw.waw.pl/en/experts
International Centre for Defence and Security (ICDS),https://icds.ee/en,Estonia,Baltic / NATO,Baltic; NATO-forward; Russia-deterrence and hybrid warfare perspective,Russia; Baltic security; NATO Eastern Flank; cyber; resilience; hybrid threats,https://icds.ee/en/category/publications/,https://icds.ee/en/category/analysis/,https://icds.ee/en/people/
Center for Security Studies (CSS ETH Zurich),https://css.ethz.ch/en.html,Switzerland,Europe / Global,Academic; Swiss; concise high-quality security-policy analysis,Strategic trends; cyber; arms control; Europe; Russia; resilience; mediation,https://css.ethz.ch/en/research.html,https://css.ethz.ch/en/publications.html,https://css.ethz.ch/en/center/people.html
Bonn International Centre for Conflict Studies (BICC),https://www.bicc.de,Germany,Global,Peace and conflict research; European academic-policy lens,Militarization; arms control; displacement; conflict resources; security sector reform,https://www.bicc.de/topics,https://www.bicc.de/publications,https://www.bicc.de/about/staff
Mercator Institute for China Studies (MERICS),https://merics.org/en,Germany,Europe / China,Independent European China-specialist; skeptical of CCP coercive behavior,China politics; economy; technology; military-civil fusion; EU-China; Taiwan; industrial policy,https://merics.org/en/topics,https://merics.org/en/analysis,https://merics.org/en/team
Lowy Institute,https://www.lowyinstitute.org,Australia,Indo-Pacific,Independent Australian; liberal internationalist; Indo-Pacific strategic community,Australia foreign policy; China; Pacific Islands; Southeast Asia; aid; Asia Power Index,https://www.lowyinstitute.org/research,https://www.lowyinstitute.org/the-interpreter,https://www.lowyinstitute.org/people/experts
Australian Strategic Policy Institute (ASPI),https://www.aspi.org.au,Australia,Indo-Pacific,Australian defense-establishment; government-founded; defense and tech-company funded,China; cyber; critical technology; defense; Pacific; deterrence; gray-zone influence,https://www.aspi.org.au/research,https://www.aspistrategist.org.au,https://www.aspi.org.au/experts
S. Rajaratnam School of International Studies (RSIS),https://www.rsis.edu.sg,Singapore,Southeast Asia / Indo-Pacific,Academic; Singapore strategic-policy perspective; pragmatic ASEAN lens,ASEAN; maritime security; terrorism; China-Southeast Asia; cyber; nontraditional security,https://www.rsis.edu.sg/research/,https://www.rsis.edu.sg/rsis-publication/rsis/,https://rsis.edu.sg/about-rsis/staff-profiles/faculty-and-research/
Japan Institute of International Affairs (JIIA),https://www.jiia.or.jp/en,Japan,East Asia / Indo-Pacific,Independent; nonpartisan Japanese foreign-policy establishment,Japan foreign policy; China; Taiwan; North Korea; maritime security; nuclear policy,https://www.jiia-jic.jp/en/resourcelibrary/,https://www.jiia.or.jp/en/column/,https://www.jiia.or.jp/en/researcher/
National Institute for Defense Studies (NIDS),https://www.nids.mod.go.jp/english/,Japan,East Asia / Indo-Pacific,Japanese Ministry of Defense-affiliated; official defense scholarship,Japanese defense policy; China; North Korea; maritime security; military history,https://www.nids.mod.go.jp/english/research/,https://www.nids.mod.go.jp/english/publication/,https://www.nids.mod.go.jp/english/research/profile/
Observer Research Foundation (ORF),https://www.orfonline.org,India,Indo-Pacific / Global South,Indian strategic-policy establishment; pro-India national-interest lens,India foreign policy; Indo-Pacific; China; technology; energy; Global South; security,https://www.orfonline.org/research,https://www.orfonline.org/research,https://www.orfonline.org/people
ORF America,https://orfamerica.org,United States / India-linked,Indo-Pacific,Indian and U.S. policy bridge; Global South-aware,Technology; geoeconomics; strategic affairs; development; energy; global governance,https://orfamerica.org/programs,https://orfamerica.org/analysis,https://orfamerica.org/experts
Manohar Parrikar Institute for Defence Studies and Analyses (MP-IDSA),https://www.idsa.in,India,South Asia,Indian government-linked defense research; official strategic community view,India defense; Pakistan; China; Indian Ocean; nuclear policy; terrorism,https://www.idsa.in/topics,https://www.idsa.in/publications,https://www.idsa.in/experts
Asan Institute for Policy Studies,https://en.asaninst.org,South Korea,East Asia,South Korean strategic-policy institute; center-right; alliance-forward,North Korea; U.S.-ROK alliance; China; Japan; nuclear policy; public opinion polling,https://en.asaninst.org/contents/category/publications/,https://en.asaninst.org/contents/category/publications/,https://en.asaninst.org/experts/
Korea Institute for National Unification (KINU),https://www.kinu.or.kr/eng,South Korea,East Asia,South Korean government-funded; North Korea and unification focused,North Korea; inter-Korean relations; sanctions; regime dynamics; human rights,https://www.kinu.or.kr/eng/module/report/list.do,https://www.kinu.or.kr/eng/module/report/list.do,https://www.kinu.or.kr/eng/main/contents.do?menuNo=100034
Korea Institute for International Economic Policy (KIEP),https://www.kiep.go.kr/eng/,South Korea,East Asia / Global,Government-affiliated; economics and geoeconomics focused,Trade; global economy; Asia-Pacific; China; Korea economic strategy; development,https://www.kiep.go.kr/eng/sub/list.do?bbsId=pub_main,https://www.kiep.go.kr/eng/sub/list.do?bbsId=pub_main,https://www.kiep.go.kr/eng/sub/staff.do
East-West Center,https://www.eastwestcenter.org,United States,Asia-Pacific,Nonpartisan; Asia-Pacific research and exchange institution,Asia-Pacific; Pacific Islands; U.S.-Asia relations; climate; governance; development,https://www.eastwestcenter.org/research,https://www.eastwestcenter.org/publications,https://www.eastwestcenter.org/about-us/experts
Asia Society Policy Institute,https://asiasociety.org/policy-institute,United States,Asia-Pacific,Nonpartisan policy bridge; diplomacy and Asia policy,China; climate; India; Southeast Asia; trade; U.S.-Asia relations,https://asiasociety.org/policy-institute/analysis,https://asiasociety.org/policy-institute/analysis,https://asiasociety.org/policy-institute/experts
Institute of South Asian Studies (ISAS NUS),https://www.isas.nus.edu.sg,Singapore,South Asia,Academic; Singapore-based South Asia specialist,India; Pakistan; Bangladesh; Sri Lanka; South Asian economy and security,https://www.isas.nus.edu.sg/publications/,https://www.isas.nus.edu.sg/publications/,https://www.isas.nus.edu.sg/people/
ChinaPower Project (CSIS),https://chinapower.csis.org,United States,China / Indo-Pacific,CSIS project; U.S. strategic lens; data-rich and well-presented,China military; economy; technology; diplomacy; demographics; Taiwan,https://chinapower.csis.org,https://chinapower.csis.org,https://chinapower.csis.org/about/
Global Taiwan Institute,https://globaltaiwan.org,United States,Taiwan / Indo-Pacific,Nonpartisan; Taiwan-focused; democracy and security oriented,Taiwan; cross-Strait relations; U.S.-Taiwan policy; China; Indo-Pacific security,https://globaltaiwan.org/programs/,https://globaltaiwan.org/publications/,https://globaltaiwan.org/team/
Nautilus Institute for Security and Sustainability,https://nautilus.org,United States,Asia-Pacific,Independent; peace and security; nonproliferation focused,Nuclear risk; North Korea; Asia-Pacific security; climate-security; deterrence,https://nautilus.org/projects/,https://nautilus.org/publications/,https://nautilus.org/about/people/
Middle East Institute (MEI),https://www.mei.edu,United States,Middle East,Centrist; regional-expert driven; broad contributor base,Iran; Gulf; Levant; North Africa; Turkey; energy; security; culture,https://www.mei.edu/research,https://www.mei.edu/publications,https://www.mei.edu/experts
Washington Institute for Near East Policy (WINEP),https://www.washingtoninstitute.org,United States,Middle East,Pro-Israel; U.S. security establishment; highly influential,Iran; Israel; Gulf; Arab politics; terrorism; U.S. Middle East policy,https://www.washingtoninstitute.org/policy-analysis,https://www.washingtoninstitute.org/policy-analysis,https://www.washingtoninstitute.org/experts
Carnegie Middle East Center,https://carnegie-mec.org,Lebanon,Middle East,Carnegie regional center; reform and governance lens; strong local expertise,Lebanon; Syria; Gulf; Iran; political economy; governance; conflict,https://carnegie-mec.org/diwan,https://carnegie-mec.org/diwan,https://carnegie-mec.org/experts
Institute for National Security Studies (INSS),https://www.inss.org.il,Israel,Middle East,Israeli national-security establishment; security-forward,Iran; Hezbollah; Hamas; Gaza; Israeli defense; normalization; cyber,https://www.inss.org.il/publications/,https://www.inss.org.il/publications/,https://www.inss.org.il/person/
Begin-Sadat Center for Strategic Studies (BESA),https://besacenter.org,Israel,Middle East,Israeli conservative; security-oriented,Israeli strategy; Iran; Turkey; Arab-Israeli conflict; military affairs,https://besacenter.org/perspectives-papers/,https://besacenter.org/perspectives-papers/,https://besacenter.org/team/
Gulf Research Center (GRC),https://www.grc.net,Saudi Arabia,Middle East / Gulf,Gulf policy-oriented; GCC perspective,Gulf security; energy; Iran-GCC relations; Yemen; Saudi Arabia; maritime security,https://www.grc.net/publications,https://www.grc.net/publications,https://www.grc.net/team
Emirates Policy Center (EPC),https://epc.ae/en,United Arab Emirates,Middle East / Gulf,UAE-based; likely aligned with UAE policy interests,Gulf; Iran; Yemen; Red Sea; Horn of Africa; energy; regional security,https://epc.ae/en/publications,https://epc.ae/en/publications,https://epc.ae/en/team
SETA Foundation,https://www.setav.org/en,Turkey,Middle East / Europe,Turkish government-aligned; pro-AKP tendency; useful for Ankara perspective,Turkey foreign policy; Syria; defense industry; Eastern Mediterranean; Gulf; EU-Turkey,https://www.setav.org/en/category/analysis/,https://www.setav.org/en/category/analysis/,https://www.setav.org/en/experts/
ORSAM (Center for Middle Eastern Studies),https://www.orsam.org.tr/en,Turkey,Middle East,Turkish regional-policy institute; Ankara-centric,Syria; Iraq; Kurds; Iran; Gulf; migration; water security,https://www.orsam.org.tr/en/publications,https://www.orsam.org.tr/en/publications,https://www.orsam.org.tr/en/experts
Institute for Security Studies (ISS Africa),https://issafrica.org,South Africa,Africa,African security-policy institute; broadly nonpartisan and policy-focused,African conflicts; terrorism; organized crime; maritime security; governance; peacekeeping,https://issafrica.org/research,https://issafrica.org/iss-today,https://issafrica.org/about-us/people
South African Institute of International Affairs (SAIIA),https://saiia.org.za,South Africa,Africa / Global South,Independent; Global South and African governance lens,African diplomacy; China-Africa; climate; trade; governance; multilateralism,https://saiia.org.za/research/,https://saiia.org.za/category/analysis/,https://saiia.org.za/people/
Africa Center for Strategic Studies,https://africacenter.org,United States,Africa,U.S. Department of Defense institution; U.S. security-policy lens on Africa,African security; coups; terrorism; Russia and Wagner influence; governance; maritime security,https://africacenter.org/thematic-areas/,https://africacenter.org/spotlight/,https://africacenter.org/experts/
Armed Conflict Location and Event Data Project (ACLED),https://acleddata.com,Global,Global,Data-first conflict monitor; methodology-driven; not a classic think tank,Conflict events; protests; violence against civilians; armed groups; crisis monitoring,https://acleddata.com/dashboard/,https://acleddata.com/analysis/,https://acleddata.com/about-acled/
Institute for Peace and Security Studies (IPSS),https://ipss-addis.org,Ethiopia,Africa,African peace and security academic-policy institute,African Union peace and security; Horn of Africa; conflict prevention; governance,https://ipss-addis.org/publications/,https://ipss-addis.org/publications/,https://ipss-addis.org/team/
ENACT Africa,https://enactafrica.org,Africa-wide,Africa,Organized crime and security project; empirical focus,Transnational organized crime; illicit flows; terrorism-crime nexus; Africa security,https://enactafrica.org/research,https://enactafrica.org/research,https://enactafrica.org/about-us
ACCORD (African Centre for Constructive Resolution of Disputes),https://www.accord.org.za,South Africa,Africa,Conflict-resolution oriented; African peacebuilding perspective,Conflict resolution; mediation; peacekeeping; African security; governance,https://www.accord.org.za/publications/,https://www.accord.org.za/conflict-trends/,https://www.accord.org.za/people/
Inter-American Dialogue,https://www.thedialogue.org,United States,Latin America,Centrist; Washington-Latin America policy community; strong convening power,Latin America politics; migration; China-Latin America; energy; democracy; education,https://www.thedialogue.org/analysis/,https://www.thedialogue.org/analysis/,https://www.thedialogue.org/experts/
Igarapé Institute,https://igarape.org.br/en,Brazil,Latin America,Progressive; data-driven security and governance institute,Public security; climate security; Amazon; digital threats; organized crime,https://igarape.org.br/en/publications/,https://igarape.org.br/en/publications/,https://igarape.org.br/en/team/
Fundação Getulio Vargas (FGV),https://portal.fgv.br/en,Brazil,Latin America,Major academic-policy institution; economics and governance focused,Brazil politics; economics; governance; regulation; international affairs; public policy,https://portal.fgv.br/en/research,https://portal.fgv.br/en/research,https://portal.fgv.br/en/faculty
Argentine Council for International Relations (CARI),https://www.cari.org.ar,Argentina,Latin America,Argentine foreign-policy establishment; centrist diplomatic lens,Argentina foreign policy; South Atlantic; Latin America; China; Europe,https://www.cari.org.ar/publicaciones.html,https://www.cari.org.ar/publicaciones.html,https://www.cari.org.ar/miembros.html
CIDE,https://www.cide.edu,Mexico,Latin America,Academic public-policy research institute,Mexico politics; public policy; security; governance; migration,https://www.cide.edu/investigacion/,https://www.cide.edu/investigacion/,https://www.cide.edu/docencia/profesores-investigadores/
Institute for Economics and Peace (IEP),https://www.economicsandpeace.org,Australia,Global,Peace-index and metrics-oriented; data-driven risk models,Global Peace Index; terrorism index; positive peace; conflict risk metrics,https://www.economicsandpeace.org/reports/,https://www.economicsandpeace.org/reports/,https://www.economicsandpeace.org/about/
Centre for International Governance Innovation (CIGI),https://www.cigionline.org,Canada,Global,Independent; global governance and policy research,Global governance; digital policy; trade; international law; security; economics,https://www.cigionline.org/topics/,https://www.cigionline.org/publications/,https://www.cigionline.org/people/
China Institutes of Contemporary International Relations (CICIR),http://www.cicir.ac.cn,China,Global (State-Linked),Chinese state-linked; close to Ministry of State Security; PERSPECTIVE INTELLIGENCE ONLY,U.S.-China; Taiwan; Asia-Pacific; security; global governance; Chinese threat perception,http://www.cicir.ac.cn,http://www.cicir.ac.cn,http://www.cicir.ac.cn
Shanghai Institutes for International Studies (SIIS),https://www.siis.org.cn,China,Global (State-Linked),Chinese state-affiliated; Shanghai policy establishment; PERSPECTIVE INTELLIGENCE ONLY,U.S.-China; Belt and Road; Asia-Pacific; global governance; economics,https://www.siis.org.cn/Research/EnPublications,https://www.siis.org.cn/Research/EnPublications,https://www.siis.org.cn/Experts
Chinese Academy of Social Sciences (CASS),http://casseng.cssn.cn,China,Global (State-Linked),Official Chinese academic-policy system; state-aligned; PERSPECTIVE INTELLIGENCE ONLY,China politics; economics; global order; regional studies; social sciences,http://casseng.cssn.cn/research,http://casseng.cssn.cn/research,http://casseng.cssn.cn/about/
Russian International Affairs Council (RIAC),https://russiancouncil.ru/en,Russia,Global (State-Linked),Russian foreign-policy establishment; state-linked; PERSPECTIVE INTELLIGENCE ONLY,Russia foreign policy; NATO; China; Middle East; Eurasia; global order,https://russiancouncil.ru/en/analytics-and-comments/,https://russiancouncil.ru/en/analytics-and-comments/,https://russiancouncil.ru/en/about/team/
Valdai Discussion Club,https://valdaiclub.com,Russia,Global (State-Linked),Kremlin-aligned strategic messaging platform; PERSPECTIVE INTELLIGENCE ONLY,Multipolarity; Russia-West confrontation; China; Eurasia; global order,https://valdaiclub.com/a/,https://valdaiclub.com/a/,https://valdaiclub.com/about/experts/
Primakov Institute of World Economy and International Relations (IMEMO),https://www.imemo.ru/en,Russia,Global (State-Linked),Russian Academy establishment; more scholarly but within Russian institutional environment; PERSPECTIVE INTELLIGENCE ONLY,World economy; Russia; security; arms control; forecasting; international relations,https://www.imemo.ru/en/research,https://www.imemo.ru/en/publications,https://www.imemo.ru/en/about/persons