"Think Tank","URL","Country","Specializes In"
"Chatham House (Royal Institute of Int'l Affairs)","chathamhouse.org","UK","Regional programs (Africa, Asia-Pacific, Russia-Eurasia, Middle East), global governance; origin of the ""Chatham House Rule""carnegieendowment+1"
"European Council on Foreign Relations (ECFR)","ecfr.eu","EU (pan-European)","EU foreign policy, geopolitical analysis of Europe & world regionsallsides+1"
"French Institute of Int'l Relations (IFRI)","ifri.org","France","Leading European IR institutereddit"
"German Council on Foreign Relations (DGAP)","dgap.org","Germany","German/EU foreign policyguides.library.georgetown"
"Stiftung Wissenschaft und Politik (SWP)","swp-berlin.org","Germany","EU/security policy advising Bundestagreddit"
"Bruegel","bruegel.org","Belgium","Economic policy, geoeconomics (Europe-focused)reddit+1"
"Clingendael Institute","clingendael.org","Netherlands","International relations, securityreddit"
"ISPI","ispionline.it","Italy","International political studiesreddit"
"Elcano Royal Institute","realinstitutoelcano.org","Spain","Strategic & international studiesguides.library.georgetown"
"Carnegie Europe","carnegieendowment.org/europe","EU (Brussels)","European strategy, EU foreign policyallsides"